fivegram,frequency
india tamil nadu india india,240
rights reserved length words dateline,194
geographic chennai tamil nadu india,192
chennai tamil nadu india tamil,171
tamil nadu india tamil nadu,171
nadu india tamil nadu india,171
classification language english web publication,165
classification language english newspaper subject,154
reserved length words dateline new,145
length words dateline new delhi,144
words dateline new delhi body,144
language english web publication subject,131
rights reserved length words body,118
party tamilaga vettri kazhagam tvk,117
menafn business finance news english,110
political party tamilaga vettri kazhagam,87
classification language english newswire subject,83
media rights reserved length words,81
india india february end document,80
india india march end document,79
