fourgram,frequency
rights reserved length words,381
tamilaga vettri kazhagam tvk,364
tamil nadu india india,333
india tamil nadu india,302
chennai tamil nadu india,274
party tamilaga vettri kazhagam,198
reserved length words dateline,194
classification language english newspaper,193
geographic chennai tamil nadu,192
tamil nadu india tamil,171
nadu india tamil nadu,171
classification language english web,165
language english web publication,165
language english newspaper subject,154
length words dateline new,145
words dateline new delhi,144
dateline new delhi body,144
geographic new delhi india,137
english web publication subject,131
reserved length words body,118
